user_id,sku_id,sku_name,category1_id,category1_name,category2_id,category2_name,category3_id,category3_name,tm_id,tm_name,order_refund_count_7d,order_refund_num_7d,order_refund_amount_7d,order_refund_count_30d,order_refund_num_30d,order_refund_amount_30d,dt
2066,23,十月稻田 辽河长粒香 东北大米 5kg,14,食品饮料、保健食品,82,粮油调味,803,米面杂粮,6,长粒香,1,3,120.00,1,3,120.00,2020-06-14
1717,23,十月稻田 辽河长粒香 东北大米 5kg,14,食品饮料、保健食品,82,粮油调味,803,米面杂粮,6,长粒香,2,4,160.00,2,4,160.00,2020-06-14
1589,28,索芙特i-Softto 口红不掉色唇膏保湿滋润 璀璨金钻哑光唇膏 Z03女王红 性感冷艳 璀璨金钻哑光唇膏 ,8,个护化妆,54,香水彩妆,477,唇部,8,索芙特,1,3,387.00,1,3,387.00,2020-06-14
623,17,TCL 65Q10 65英寸 QLED原色量子点电视 安桥音响 AI声控智慧屏 超薄全面屏 MEMC防抖 3+32GB 平板电视,3,家用电器,16,大 家 电,86,平板电视,4,TCL,1,2,13398.00,1,2,13398.00,2020-06-14
561,6,Redmi 10X 4G Helio G85游戏芯 4800万超清四摄 5020mAh大电量 小孔全面屏 128GB大存储 8GB+128GB 冰雾白 游戏智能手机 小米 红米,2,手机,13,手机通讯,61,手机,1,三星,1,3,3897.00,1,3,3897.00,2020-06-14
773,8,Apple iPhone 12 (A2404) 64GB 黑色 支持移动联通电信5G 双卡双待手机,2,手机,13,手机通讯,61,手机,2,苹果,1,1,8197.00,1,1,8197.00,2020-06-14
1160,3,小米10 至尊纪念版 双模5G 骁龙865 120HZ高刷新率 120倍长焦镜头 120W快充 8GB+128GB 透明版 游戏手机,2,手机,13,手机通讯,61,手机,1,三星,1,3,17997.00,1,3,17997.00,2020-06-14
709,2,小米10 至尊纪念版 双模5G 骁龙865 120HZ高刷新率 120倍长焦镜头 120W快充 12GB+256GB 陶瓷黑 游戏手机,2,手机,13,手机通讯,61,手机,1,三星,1,3,20997.00,1,3,20997.00,2020-06-14
2114,9,Apple iPhone 12 (A2404) 64GB 红色 支持移动联通电信5G 双卡双待手机,2,手机,13,手机通讯,61,手机,2,苹果,1,1,8197.00,1,1,8197.00,2020-06-14
116,25,金沙河面条 银丝挂面900g*3包 爽滑 细面条 龙须面 速食面,14,食品饮料、保健食品,82,粮油调味,803,米面杂粮,7,金沙河,1,3,69.00,1,3,69.00,2020-06-14
235,10,Apple iPhone 12 (A2404) 64GB 蓝色 支持移动联通电信5G 双卡双待手机,2,手机,13,手机通讯,61,手机,2,苹果,1,3,24591.00,1,3,24591.00,2020-06-14
810,1,小米10 至尊纪念版 双模5G 骁龙865 120HZ高刷新率 120倍长焦镜头 120W快充 8GB+128GB 陶瓷黑 游戏手机,2,手机,13,手机通讯,61,手机,1,三星,1,2,11998.00,1,2,11998.00,2020-06-14
1258,31,CAREMiLLE珂曼奶油小方口红 雾面滋润保湿持久丝缎唇膏 M03赤茶,8,个护化妆,54,香水彩妆,477,唇部,9,CAREMiLLE,1,1,69.00,1,1,69.00,2020-06-14
1605,25,金沙河面条 银丝挂面900g*3包 爽滑 细面条 龙须面 速食面,14,食品饮料、保健食品,82,粮油调味,803,米面杂粮,7,金沙河,1,1,23.00,1,1,23.00,2020-06-14
858,35,华为智慧屏V65i 65英寸 HEGE-560B 4K全面屏智能电视机 多方视频通话 AI升降摄像头 4GB+32GB 星际黑,3,家用电器,16,大 家 电,86,平板电视,3,华为,1,2,10998.00,1,2,10998.00,2020-06-14
154,11,Apple iPhone 12 (A2404) 64GB 白色 支持移动联通电信5G 双卡双待手机,2,手机,13,手机通讯,61,手机,2,苹果,1,3,24591.00,1,3,24591.00,2020-06-14
23,15,华为 HUAWEI P40 麒麟990 5G SoC芯片 5000万超感知徕卡三摄 30倍数字变焦 8GB+128GB冰霜银全网通5G手机,2,手机,13,手机通讯,61,手机,3,华为,2,2,8976.00,2,2,8976.00,2020-06-14
495,16,华为 HUAWEI P40 麒麟990 5G SoC芯片 5000万超感知徕卡三摄 30倍数字变焦 8GB+128GB亮黑色全网通5G手机,2,手机,13,手机通讯,61,手机,3,华为,1,2,8976.00,1,2,8976.00,2020-06-14
71,14,华为 HUAWEI P40 麒麟990 5G SoC芯片 5000万超感知徕卡三摄 30倍数字变焦 6GB+128GB冰霜银全网通5G手机,2,手机,13,手机通讯,61,手机,3,华为,1,3,12564.00,1,3,12564.00,2020-06-14
1002,11,Apple iPhone 12 (A2404) 64GB 白色 支持移动联通电信5G 双卡双待手机,2,手机,13,手机通讯,61,手机,2,苹果,1,3,24591.00,1,3,24591.00,2020-06-14
718,3,小米10 至尊纪念版 双模5G 骁龙865 120HZ高刷新率 120倍长焦镜头 120W快充 8GB+128GB 透明版 游戏手机,2,手机,13,手机通讯,61,手机,1,三星,1,2,11998.00,1,2,11998.00,2020-06-14
1069,24,金沙河面条 原味银丝挂面 龙须面 方便速食拉面 清汤面 900g,14,食品饮料、保健食品,82,粮油调味,803,米面杂粮,7,金沙河,1,2,22.00,1,2,22.00,2020-06-14
347,17,TCL 65Q10 65英寸 QLED原色量子点电视 安桥音响 AI声控智慧屏 超薄全面屏 MEMC防抖 3+32GB 平板电视,3,家用电器,16,大 家 电,86,平板电视,4,TCL,1,2,13398.00,1,2,13398.00,2020-06-14
1004,26,索芙特i-Softto 口红不掉色唇膏保湿滋润 璀璨金钻哑光唇膏 Y01复古红 百搭气质 璀璨金钻哑光唇膏 ,8,个护化妆,54,香水彩妆,477,唇部,8,索芙特,1,2,258.00,1,2,258.00,2020-06-14
939,14,华为 HUAWEI P40 麒麟990 5G SoC芯片 5000万超感知徕卡三摄 30倍数字变焦 6GB+128GB冰霜银全网通5G手机,2,手机,13,手机通讯,61,手机,3,华为,1,2,8376.00,1,2,8376.00,2020-06-14
1160,12,Apple iPhone 12 (A2404) 128GB 黑色 支持移动联通电信5G 双卡双待手机,2,手机,13,手机通讯,61,手机,2,苹果,1,1,9197.00,1,1,9197.00,2020-06-14
559,4,Redmi 10X 4G Helio G85游戏芯 4800万超清四摄 5020mAh大电量 小孔全面屏 128GB大存储 4GB+128GB 冰雾白 游戏智能手机 小米 红米,2,手机,13,手机通讯,61,手机,1,三星,1,1,999.00,1,1,999.00,2020-06-14
1822,8,Apple iPhone 12 (A2404) 64GB 黑色 支持移动联通电信5G 双卡双待手机,2,手机,13,手机通讯,61,手机,2,苹果,1,2,16394.00,1,2,16394.00,2020-06-14
840,2,小米10 至尊纪念版 双模5G 骁龙865 120HZ高刷新率 120倍长焦镜头 120W快充 12GB+256GB 陶瓷黑 游戏手机,2,手机,13,手机通讯,61,手机,1,三星,1,3,20997.00,1,3,20997.00,2020-06-14
289,27,索芙特i-Softto 口红不掉色唇膏保湿滋润 璀璨金钻哑光唇膏 Z02少女红 活力青春 璀璨金钻哑光唇膏 ,8,个护化妆,54,香水彩妆,477,唇部,8,索芙特,1,5,645.00,1,5,645.00,2020-06-14
459,16,华为 HUAWEI P40 麒麟990 5G SoC芯片 5000万超感知徕卡三摄 30倍数字变焦 8GB+128GB亮黑色全网通5G手机,2,手机,13,手机通讯,61,手机,3,华为,1,3,13464.00,1,3,13464.00,2020-06-14
150,5,Redmi 10X 4G Helio G85游戏芯 4800万超清四摄 5020mAh大电量 小孔全面屏 128GB大存储 4GB+128GB 明月灰 游戏智能手机 小米 红米,2,手机,13,手机通讯,61,手机,1,三星,1,7,6993.00,1,7,6993.00,2020-06-14
499,6,Redmi 10X 4G Helio G85游戏芯 4800万超清四摄 5020mAh大电量 小孔全面屏 128GB大存储 8GB+128GB 冰雾白 游戏智能手机 小米 红米,2,手机,13,手机通讯,61,手机,1,三星,1,5,6495.00,1,5,6495.00,2020-06-14
416,3,小米10 至尊纪念版 双模5G 骁龙865 120HZ高刷新率 120倍长焦镜头 120W快充 8GB+128GB 透明版 游戏手机,2,手机,13,手机通讯,61,手机,1,三星,1,1,5999.00,1,1,5999.00,2020-06-14
84,21,小米电视4A 70英寸 4K超高清 HDR 二级能效 2GB+16GB L70M5-4A 内置小爱 智能网络液晶平板教育电视,3,家用电器,16,大 家 电,86,平板电视,5,小米,1,2,6598.00,1,2,6598.00,2020-06-14
1196,7,Redmi 10X 4G Helio G85游戏芯 4800万超清四摄 5020mAh大电量 小孔全面屏 128GB大存储 8GB+128GB 明月灰 游戏智能手机 小米 红米,2,手机,13,手机通讯,61,手机,1,三星,1,1,1299.00,1,1,1299.00,2020-06-14
3,20,小米电视E65X 65英寸 全面屏 4K超高清HDR 蓝牙遥控内置小爱 2+8GB AI人工智能液晶网络平板电视 L65M5-EA,3,家用电器,16,大 家 电,86,平板电视,5,小米,1,2,5798.00,1,2,5798.00,2020-06-14
435,2,小米10 至尊纪念版 双模5G 骁龙865 120HZ高刷新率 120倍长焦镜头 120W快充 12GB+256GB 陶瓷黑 游戏手机,2,手机,13,手机通讯,61,手机,1,三星,1,3,20997.00,1,3,20997.00,2020-06-14
1312,30,CAREMiLLE珂曼奶油小方口红 雾面滋润保湿持久丝缎唇膏 M02干玫瑰,8,个护化妆,54,香水彩妆,477,唇部,9,CAREMiLLE,1,3,207.00,1,3,207.00,2020-06-14
748,26,索芙特i-Softto 口红不掉色唇膏保湿滋润 璀璨金钻哑光唇膏 Y01复古红 百搭气质 璀璨金钻哑光唇膏 ,8,个护化妆,54,香水彩妆,477,唇部,8,索芙特,1,4,516.00,1,4,516.00,2020-06-14
492,27,索芙特i-Softto 口红不掉色唇膏保湿滋润 璀璨金钻哑光唇膏 Z02少女红 活力青春 璀璨金钻哑光唇膏 ,8,个护化妆,54,香水彩妆,477,唇部,8,索芙特,1,4,516.00,1,4,516.00,2020-06-14
1500,24,金沙河面条 原味银丝挂面 龙须面 方便速食拉面 清汤面 900g,14,食品饮料、保健食品,82,粮油调味,803,米面杂粮,7,金沙河,1,1,11.00,1,1,11.00,2020-06-14
790,31,CAREMiLLE珂曼奶油小方口红 雾面滋润保湿持久丝缎唇膏 M03赤茶,8,个护化妆,54,香水彩妆,477,唇部,9,CAREMiLLE,1,3,207.00,1,3,207.00,2020-06-14
538,1,小米10 至尊纪念版 双模5G 骁龙865 120HZ高刷新率 120倍长焦镜头 120W快充 8GB+128GB 陶瓷黑 游戏手机,2,手机,13,手机通讯,61,手机,1,三星,1,1,5999.00,1,1,5999.00,2020-06-14
578,26,索芙特i-Softto 口红不掉色唇膏保湿滋润 璀璨金钻哑光唇膏 Y01复古红 百搭气质 璀璨金钻哑光唇膏 ,8,个护化妆,54,香水彩妆,477,唇部,8,索芙特,1,3,387.00,1,3,387.00,2020-06-14
1371,10,Apple iPhone 12 (A2404) 64GB 蓝色 支持移动联通电信5G 双卡双待手机,2,手机,13,手机通讯,61,手机,2,苹果,1,3,24591.00,1,3,24591.00,2020-06-14
534,25,金沙河面条 银丝挂面900g*3包 爽滑 细面条 龙须面 速食面,14,食品饮料、保健食品,82,粮油调味,803,米面杂粮,7,金沙河,2,2,46.00,2,2,46.00,2020-06-14
500,1,小米10 至尊纪念版 双模5G 骁龙865 120HZ高刷新率 120倍长焦镜头 120W快充 8GB+128GB 陶瓷黑 游戏手机,2,手机,13,手机通讯,61,手机,1,三星,1,3,17997.00,1,3,17997.00,2020-06-14
134,31,CAREMiLLE珂曼奶油小方口红 雾面滋润保湿持久丝缎唇膏 M03赤茶,8,个护化妆,54,香水彩妆,477,唇部,9,CAREMiLLE,1,3,207.00,1,3,207.00,2020-06-14
1472,21,小米电视4A 70英寸 4K超高清 HDR 二级能效 2GB+16GB L70M5-4A 内置小爱 智能网络液晶平板教育电视,3,家用电器,16,大 家 电,86,平板电视,5,小米,1,3,9897.00,1,3,9897.00,2020-06-14
1211,16,华为 HUAWEI P40 麒麟990 5G SoC芯片 5000万超感知徕卡三摄 30倍数字变焦 8GB+128GB亮黑色全网通5G手机,2,手机,13,手机通讯,61,手机,3,华为,1,3,13464.00,1,3,13464.00,2020-06-14
1860,26,索芙特i-Softto 口红不掉色唇膏保湿滋润 璀璨金钻哑光唇膏 Y01复古红 百搭气质 璀璨金钻哑光唇膏 ,8,个护化妆,54,香水彩妆,477,唇部,8,索芙特,1,3,387.00,1,3,387.00,2020-06-14
2536,13,华为 HUAWEI P40 麒麟990 5G SoC芯片 5000万超感知徕卡三摄 30倍数字变焦 6GB+128GB亮黑色全网通5G手机,2,手机,13,手机通讯,61,手机,3,华为,1,1,4188.00,1,1,4188.00,2020-06-14
2497,4,Redmi 10X 4G Helio G85游戏芯 4800万超清四摄 5020mAh大电量 小孔全面屏 128GB大存储 4GB+128GB 冰雾白 游戏智能手机 小米 红米,2,手机,13,手机通讯,61,手机,1,三星,1,2,1998.00,1,2,1998.00,2020-06-14
2365,29,CAREMiLLE珂曼奶油小方口红 雾面滋润保湿持久丝缎唇膏 M01醉蔷薇,8,个护化妆,54,香水彩妆,477,唇部,9,CAREMiLLE,1,1,69.00,1,1,69.00,2020-06-14
1545,31,CAREMiLLE珂曼奶油小方口红 雾面滋润保湿持久丝缎唇膏 M03赤茶,8,个护化妆,54,香水彩妆,477,唇部,9,CAREMiLLE,1,3,207.00,1,3,207.00,2020-06-14
1096,31,CAREMiLLE珂曼奶油小方口红 雾面滋润保湿持久丝缎唇膏 M03赤茶,8,个护化妆,54,香水彩妆,477,唇部,9,CAREMiLLE,1,3,207.00,1,3,207.00,2020-06-14
2349,14,华为 HUAWEI P40 麒麟990 5G SoC芯片 5000万超感知徕卡三摄 30倍数字变焦 6GB+128GB冰霜银全网通5G手机,2,手机,13,手机通讯,61,手机,3,华为,1,1,4188.00,1,1,4188.00,2020-06-14
462,6,Redmi 10X 4G Helio G85游戏芯 4800万超清四摄 5020mAh大电量 小孔全面屏 128GB大存储 8GB+128GB 冰雾白 游戏智能手机 小米 红米,2,手机,13,手机通讯,61,手机,1,三星,1,1,1299.00,1,1,1299.00,2020-06-14
2023,10,Apple iPhone 12 (A2404) 64GB 蓝色 支持移动联通电信5G 双卡双待手机,2,手机,13,手机通讯,61,手机,2,苹果,1,2,16394.00,1,2,16394.00,2020-06-14
1780,30,CAREMiLLE珂曼奶油小方口红 雾面滋润保湿持久丝缎唇膏 M02干玫瑰,8,个护化妆,54,香水彩妆,477,唇部,9,CAREMiLLE,1,1,69.00,1,1,69.00,2020-06-14
2049,24,金沙河面条 原味银丝挂面 龙须面 方便速食拉面 清汤面 900g,14,食品饮料、保健食品,82,粮油调味,803,米面杂粮,7,金沙河,1,1,11.00,1,1,11.00,2020-06-14
768,3,小米10 至尊纪念版 双模5G 骁龙865 120HZ高刷新率 120倍长焦镜头 120W快充 8GB+128GB 透明版 游戏手机,2,手机,13,手机通讯,61,手机,1,三星,1,2,11998.00,1,2,11998.00,2020-06-14
1403,2,小米10 至尊纪念版 双模5G 骁龙865 120HZ高刷新率 120倍长焦镜头 120W快充 12GB+256GB 陶瓷黑 游戏手机,2,手机,13,手机通讯,61,手机,1,三星,1,3,20997.00,1,3,20997.00,2020-06-14
639,6,Redmi 10X 4G Helio G85游戏芯 4800万超清四摄 5020mAh大电量 小孔全面屏 128GB大存储 8GB+128GB 冰雾白 游戏智能手机 小米 红米,2,手机,13,手机通讯,61,手机,1,三星,1,2,2598.00,1,2,2598.00,2020-06-14
390,32,香奈儿（Chanel）女士香水5号香水 粉邂逅柔情淡香水EDT 5号淡香水35ml,8,个护化妆,54,香水彩妆,473,香水,11,香奈儿,1,4,1200.00,1,4,1200.00,2020-06-14
1023,21,小米电视4A 70英寸 4K超高清 HDR 二级能效 2GB+16GB L70M5-4A 内置小爱 智能网络液晶平板教育电视,3,家用电器,16,大 家 电,86,平板电视,5,小米,1,1,3299.00,1,1,3299.00,2020-06-14
109,4,Redmi 10X 4G Helio G85游戏芯 4800万超清四摄 5020mAh大电量 小孔全面屏 128GB大存储 4GB+128GB 冰雾白 游戏智能手机 小米 红米,2,手机,13,手机通讯,61,手机,1,三星,1,1,999.00,1,1,999.00,2020-06-14
583,16,华为 HUAWEI P40 麒麟990 5G SoC芯片 5000万超感知徕卡三摄 30倍数字变焦 8GB+128GB亮黑色全网通5G手机,2,手机,13,手机通讯,61,手机,3,华为,1,1,4488.00,1,1,4488.00,2020-06-14
47,17,TCL 65Q10 65英寸 QLED原色量子点电视 安桥音响 AI声控智慧屏 超薄全面屏 MEMC防抖 3+32GB 平板电视,3,家用电器,16,大 家 电,86,平板电视,4,TCL,1,2,13398.00,1,2,13398.00,2020-06-14
1494,13,华为 HUAWEI P40 麒麟990 5G SoC芯片 5000万超感知徕卡三摄 30倍数字变焦 6GB+128GB亮黑色全网通5G手机,2,手机,13,手机通讯,61,手机,3,华为,1,2,8376.00,1,2,8376.00,2020-06-14
1289,20,小米电视E65X 65英寸 全面屏 4K超高清HDR 蓝牙遥控内置小爱 2+8GB AI人工智能液晶网络平板电视 L65M5-EA,3,家用电器,16,大 家 电,86,平板电视,5,小米,1,2,5798.00,1,2,5798.00,2020-06-14
1546,34,华为智慧屏V55i-J 55英寸 HEGE-550B 4K全面屏智能电视机 多方视频通话 AI升降摄像头 银钻灰 京品家电,3,家用电器,16,大 家 电,86,平板电视,3,华为,1,2,7854.00,1,2,7854.00,2020-06-14
880,31,CAREMiLLE珂曼奶油小方口红 雾面滋润保湿持久丝缎唇膏 M03赤茶,8,个护化妆,54,香水彩妆,477,唇部,9,CAREMiLLE,1,3,207.00,1,3,207.00,2020-06-14
999,9,Apple iPhone 12 (A2404) 64GB 红色 支持移动联通电信5G 双卡双待手机,2,手机,13,手机通讯,61,手机,2,苹果,1,3,24591.00,1,3,24591.00,2020-06-14
1095,18,TCL 75Q10 75英寸 QLED原色量子点电视 安桥音响 AI声控智慧屏 超薄全面屏 MEMC防抖 3+32GB 平板电视,3,家用电器,16,大 家 电,86,平板电视,4,TCL,1,3,27597.00,1,3,27597.00,2020-06-14
49,27,索芙特i-Softto 口红不掉色唇膏保湿滋润 璀璨金钻哑光唇膏 Z02少女红 活力青春 璀璨金钻哑光唇膏 ,8,个护化妆,54,香水彩妆,477,唇部,8,索芙特,1,2,258.00,1,2,258.00,2020-06-14
2356,6,Redmi 10X 4G Helio G85游戏芯 4800万超清四摄 5020mAh大电量 小孔全面屏 128GB大存储 8GB+128GB 冰雾白 游戏智能手机 小米 红米,2,手机,13,手机通讯,61,手机,1,三星,1,3,3897.00,1,3,3897.00,2020-06-14
197,14,华为 HUAWEI P40 麒麟990 5G SoC芯片 5000万超感知徕卡三摄 30倍数字变焦 6GB+128GB冰霜银全网通5G手机,2,手机,13,手机通讯,61,手机,3,华为,1,2,8376.00,1,2,8376.00,2020-06-14
1475,30,CAREMiLLE珂曼奶油小方口红 雾面滋润保湿持久丝缎唇膏 M02干玫瑰,8,个护化妆,54,香水彩妆,477,唇部,9,CAREMiLLE,1,1,69.00,1,1,69.00,2020-06-14
494,20,小米电视E65X 65英寸 全面屏 4K超高清HDR 蓝牙遥控内置小爱 2+8GB AI人工智能液晶网络平板电视 L65M5-EA,3,家用电器,16,大 家 电,86,平板电视,5,小米,1,3,8697.00,1,3,8697.00,2020-06-14
97,17,TCL 65Q10 65英寸 QLED原色量子点电视 安桥音响 AI声控智慧屏 超薄全面屏 MEMC防抖 3+32GB 平板电视,3,家用电器,16,大 家 电,86,平板电视,4,TCL,1,2,13398.00,1,2,13398.00,2020-06-14
1482,11,Apple iPhone 12 (A2404) 64GB 白色 支持移动联通电信5G 双卡双待手机,2,手机,13,手机通讯,61,手机,2,苹果,1,1,8197.00,1,1,8197.00,2020-06-14
753,26,索芙特i-Softto 口红不掉色唇膏保湿滋润 璀璨金钻哑光唇膏 Y01复古红 百搭气质 璀璨金钻哑光唇膏 ,8,个护化妆,54,香水彩妆,477,唇部,8,索芙特,1,3,387.00,1,3,387.00,2020-06-14
486,34,华为智慧屏V55i-J 55英寸 HEGE-550B 4K全面屏智能电视机 多方视频通话 AI升降摄像头 银钻灰 京品家电,3,家用电器,16,大 家 电,86,平板电视,3,华为,1,1,3927.00,1,1,3927.00,2020-06-14
1047,4,Redmi 10X 4G Helio G85游戏芯 4800万超清四摄 5020mAh大电量 小孔全面屏 128GB大存储 4GB+128GB 冰雾白 游戏智能手机 小米 红米,2,手机,13,手机通讯,61,手机,1,三星,1,2,1998.00,1,2,1998.00,2020-06-14
1029,24,金沙河面条 原味银丝挂面 龙须面 方便速食拉面 清汤面 900g,14,食品饮料、保健食品,82,粮油调味,803,米面杂粮,7,金沙河,1,2,22.00,1,2,22.00,2020-06-14
126,3,小米10 至尊纪念版 双模5G 骁龙865 120HZ高刷新率 120倍长焦镜头 120W快充 8GB+128GB 透明版 游戏手机,2,手机,13,手机通讯,61,手机,1,三星,1,2,11998.00,1,2,11998.00,2020-06-14
127,22,十月稻田 长粒香大米 东北大米 东北香米 5kg,14,食品饮料、保健食品,82,粮油调味,803,米面杂粮,6,长粒香,1,1,39.00,1,1,39.00,2020-06-14
2392,10,Apple iPhone 12 (A2404) 64GB 蓝色 支持移动联通电信5G 双卡双待手机,2,手机,13,手机通讯,61,手机,2,苹果,1,1,8197.00,1,1,8197.00,2020-06-14
1570,13,华为 HUAWEI P40 麒麟990 5G SoC芯片 5000万超感知徕卡三摄 30倍数字变焦 6GB+128GB亮黑色全网通5G手机,2,手机,13,手机通讯,61,手机,3,华为,1,2,8376.00,1,2,8376.00,2020-06-14
683,32,香奈儿（Chanel）女士香水5号香水 粉邂逅柔情淡香水EDT 5号淡香水35ml,8,个护化妆,54,香水彩妆,473,香水,11,香奈儿,1,2,600.00,1,2,600.00,2020-06-14
442,11,Apple iPhone 12 (A2404) 64GB 白色 支持移动联通电信5G 双卡双待手机,2,手机,13,手机通讯,61,手机,2,苹果,1,3,24591.00,1,3,24591.00,2020-06-14
91,33,香奈儿（Chanel）女士香水5号香水 粉邂逅柔情淡香水EDT 粉邂逅淡香水35ml,8,个护化妆,54,香水彩妆,473,香水,11,香奈儿,1,1,488.00,1,1,488.00,2020-06-14
1565,17,TCL 65Q10 65英寸 QLED原色量子点电视 安桥音响 AI声控智慧屏 超薄全面屏 MEMC防抖 3+32GB 平板电视,3,家用电器,16,大 家 电,86,平板电视,4,TCL,1,1,6699.00,1,1,6699.00,2020-06-14
485,5,Redmi 10X 4G Helio G85游戏芯 4800万超清四摄 5020mAh大电量 小孔全面屏 128GB大存储 4GB+128GB 明月灰 游戏智能手机 小米 红米,2,手机,13,手机通讯,61,手机,1,三星,2,6,5994.00,2,6,5994.00,2020-06-14
362,14,华为 HUAWEI P40 麒麟990 5G SoC芯片 5000万超感知徕卡三摄 30倍数字变焦 6GB+128GB冰霜银全网通5G手机,2,手机,13,手机通讯,61,手机,3,华为,1,3,12564.00,1,3,12564.00,2020-06-14
373,5,Redmi 10X 4G Helio G85游戏芯 4800万超清四摄 5020mAh大电量 小孔全面屏 128GB大存储 4GB+128GB 明月灰 游戏智能手机 小米 红米,2,手机,13,手机通讯,61,手机,1,三星,1,1,999.00,1,1,999.00,2020-06-14
474,24,金沙河面条 原味银丝挂面 龙须面 方便速食拉面 清汤面 900g,14,食品饮料、保健食品,82,粮油调味,803,米面杂粮,7,金沙河,1,3,33.00,1,3,33.00,2020-06-14
71,16,华为 HUAWEI P40 麒麟990 5G SoC芯片 5000万超感知徕卡三摄 30倍数字变焦 8GB+128GB亮黑色全网通5G手机,2,手机,13,手机通讯,61,手机,3,华为,1,2,8976.00,1,2,8976.00,2020-06-14
371,33,香奈儿（Chanel）女士香水5号香水 粉邂逅柔情淡香水EDT 粉邂逅淡香水35ml,8,个护化妆,54,香水彩妆,473,香水,11,香奈儿,1,3,1464.00,1,3,1464.00,2020-06-14
2231,15,华为 HUAWEI P40 麒麟990 5G SoC芯片 5000万超感知徕卡三摄 30倍数字变焦 8GB+128GB冰霜银全网通5G手机,2,手机,13,手机通讯,61,手机,3,华为,1,1,4488.00,1,1,4488.00,2020-06-14
59,28,索芙特i-Softto 口红不掉色唇膏保湿滋润 璀璨金钻哑光唇膏 Z03女王红 性感冷艳 璀璨金钻哑光唇膏 ,8,个护化妆,54,香水彩妆,477,唇部,8,索芙特,1,1,129.00,1,1,129.00,2020-06-14
382,24,金沙河面条 原味银丝挂面 龙须面 方便速食拉面 清汤面 900g,14,食品饮料、保健食品,82,粮油调味,803,米面杂粮,7,金沙河,1,2,22.00,1,2,22.00,2020-06-14
901,27,索芙特i-Softto 口红不掉色唇膏保湿滋润 璀璨金钻哑光唇膏 Z02少女红 活力青春 璀璨金钻哑光唇膏 ,8,个护化妆,54,香水彩妆,477,唇部,8,索芙特,1,1,129.00,1,1,129.00,2020-06-14
2652,3,小米10 至尊纪念版 双模5G 骁龙865 120HZ高刷新率 120倍长焦镜头 120W快充 8GB+128GB 透明版 游戏手机,2,手机,13,手机通讯,61,手机,1,三星,1,3,17997.00,1,3,17997.00,2020-06-14
652,25,金沙河面条 银丝挂面900g*3包 爽滑 细面条 龙须面 速食面,14,食品饮料、保健食品,82,粮油调味,803,米面杂粮,7,金沙河,1,1,23.00,1,1,23.00,2020-06-14
1751,7,Redmi 10X 4G Helio G85游戏芯 4800万超清四摄 5020mAh大电量 小孔全面屏 128GB大存储 8GB+128GB 明月灰 游戏智能手机 小米 红米,2,手机,13,手机通讯,61,手机,1,三星,1,3,3897.00,1,3,3897.00,2020-06-14
681,6,Redmi 10X 4G Helio G85游戏芯 4800万超清四摄 5020mAh大电量 小孔全面屏 128GB大存储 8GB+128GB 冰雾白 游戏智能手机 小米 红米,2,手机,13,手机通讯,61,手机,1,三星,1,3,3897.00,1,3,3897.00,2020-06-14
71,26,索芙特i-Softto 口红不掉色唇膏保湿滋润 璀璨金钻哑光唇膏 Y01复古红 百搭气质 璀璨金钻哑光唇膏 ,8,个护化妆,54,香水彩妆,477,唇部,8,索芙特,1,2,258.00,1,2,258.00,2020-06-14
626,11,Apple iPhone 12 (A2404) 64GB 白色 支持移动联通电信5G 双卡双待手机,2,手机,13,手机通讯,61,手机,2,苹果,1,3,24591.00,1,3,24591.00,2020-06-14
271,7,Redmi 10X 4G Helio G85游戏芯 4800万超清四摄 5020mAh大电量 小孔全面屏 128GB大存储 8GB+128GB 明月灰 游戏智能手机 小米 红米,2,手机,13,手机通讯,61,手机,1,三星,1,2,2598.00,1,2,2598.00,2020-06-14
192,26,索芙特i-Softto 口红不掉色唇膏保湿滋润 璀璨金钻哑光唇膏 Y01复古红 百搭气质 璀璨金钻哑光唇膏 ,8,个护化妆,54,香水彩妆,477,唇部,8,索芙特,1,3,387.00,1,3,387.00,2020-06-14
286,1,小米10 至尊纪念版 双模5G 骁龙865 120HZ高刷新率 120倍长焦镜头 120W快充 8GB+128GB 陶瓷黑 游戏手机,2,手机,13,手机通讯,61,手机,1,三星,1,3,17997.00,1,3,17997.00,2020-06-14
1523,17,TCL 65Q10 65英寸 QLED原色量子点电视 安桥音响 AI声控智慧屏 超薄全面屏 MEMC防抖 3+32GB 平板电视,3,家用电器,16,大 家 电,86,平板电视,4,TCL,1,1,6699.00,1,1,6699.00,2020-06-14
1660,32,香奈儿（Chanel）女士香水5号香水 粉邂逅柔情淡香水EDT 5号淡香水35ml,8,个护化妆,54,香水彩妆,473,香水,11,香奈儿,1,2,600.00,1,2,600.00,2020-06-14
1561,27,索芙特i-Softto 口红不掉色唇膏保湿滋润 璀璨金钻哑光唇膏 Z02少女红 活力青春 璀璨金钻哑光唇膏 ,8,个护化妆,54,香水彩妆,477,唇部,8,索芙特,1,1,129.00,1,1,129.00,2020-06-14
1224,12,Apple iPhone 12 (A2404) 128GB 黑色 支持移动联通电信5G 双卡双待手机,2,手机,13,手机通讯,61,手机,2,苹果,1,1,9197.00,1,1,9197.00,2020-06-14
2391,12,Apple iPhone 12 (A2404) 128GB 黑色 支持移动联通电信5G 双卡双待手机,2,手机,13,手机通讯,61,手机,2,苹果,1,1,9197.00,1,1,9197.00,2020-06-14
1129,28,索芙特i-Softto 口红不掉色唇膏保湿滋润 璀璨金钻哑光唇膏 Z03女王红 性感冷艳 璀璨金钻哑光唇膏 ,8,个护化妆,54,香水彩妆,477,唇部,8,索芙特,1,3,387.00,1,3,387.00,2020-06-14
39,22,十月稻田 长粒香大米 东北大米 东北香米 5kg,14,食品饮料、保健食品,82,粮油调味,803,米面杂粮,6,长粒香,1,3,117.00,1,3,117.00,2020-06-14
282,28,索芙特i-Softto 口红不掉色唇膏保湿滋润 璀璨金钻哑光唇膏 Z03女王红 性感冷艳 璀璨金钻哑光唇膏 ,8,个护化妆,54,香水彩妆,477,唇部,8,索芙特,1,2,258.00,1,2,258.00,2020-06-14
1244,35,华为智慧屏V65i 65英寸 HEGE-560B 4K全面屏智能电视机 多方视频通话 AI升降摄像头 4GB+32GB 星际黑,3,家用电器,16,大 家 电,86,平板电视,3,华为,1,2,10998.00,1,2,10998.00,2020-06-14
849,27,索芙特i-Softto 口红不掉色唇膏保湿滋润 璀璨金钻哑光唇膏 Z02少女红 活力青春 璀璨金钻哑光唇膏 ,8,个护化妆,54,香水彩妆,477,唇部,8,索芙特,1,3,387.00,1,3,387.00,2020-06-14
150,34,华为智慧屏V55i-J 55英寸 HEGE-550B 4K全面屏智能电视机 多方视频通话 AI升降摄像头 银钻灰 京品家电,3,家用电器,16,大 家 电,86,平板电视,3,华为,1,3,11781.00,1,3,11781.00,2020-06-14
263,17,TCL 65Q10 65英寸 QLED原色量子点电视 安桥音响 AI声控智慧屏 超薄全面屏 MEMC防抖 3+32GB 平板电视,3,家用电器,16,大 家 电,86,平板电视,4,TCL,1,3,20097.00,1,3,20097.00,2020-06-14
706,4,Redmi 10X 4G Helio G85游戏芯 4800万超清四摄 5020mAh大电量 小孔全面屏 128GB大存储 4GB+128GB 冰雾白 游戏智能手机 小米 红米,2,手机,13,手机通讯,61,手机,1,三星,1,2,1998.00,1,2,1998.00,2020-06-14
1717,34,华为智慧屏V55i-J 55英寸 HEGE-550B 4K全面屏智能电视机 多方视频通话 AI升降摄像头 银钻灰 京品家电,3,家用电器,16,大 家 电,86,平板电视,3,华为,1,1,3927.00,1,1,3927.00,2020-06-14
2048,22,十月稻田 长粒香大米 东北大米 东北香米 5kg,14,食品饮料、保健食品,82,粮油调味,803,米面杂粮,6,长粒香,1,2,78.00,1,2,78.00,2020-06-14
1746,27,索芙特i-Softto 口红不掉色唇膏保湿滋润 璀璨金钻哑光唇膏 Z02少女红 活力青春 璀璨金钻哑光唇膏 ,8,个护化妆,54,香水彩妆,477,唇部,8,索芙特,1,3,387.00,1,3,387.00,2020-06-14
40,22,十月稻田 长粒香大米 东北大米 东北香米 5kg,14,食品饮料、保健食品,82,粮油调味,803,米面杂粮,6,长粒香,1,2,78.00,1,2,78.00,2020-06-14
1151,30,CAREMiLLE珂曼奶油小方口红 雾面滋润保湿持久丝缎唇膏 M02干玫瑰,8,个护化妆,54,香水彩妆,477,唇部,9,CAREMiLLE,1,2,138.00,1,2,138.00,2020-06-14
1229,34,华为智慧屏V55i-J 55英寸 HEGE-550B 4K全面屏智能电视机 多方视频通话 AI升降摄像头 银钻灰 京品家电,3,家用电器,16,大 家 电,86,平板电视,3,华为,1,2,7854.00,1,2,7854.00,2020-06-14
293,30,CAREMiLLE珂曼奶油小方口红 雾面滋润保湿持久丝缎唇膏 M02干玫瑰,8,个护化妆,54,香水彩妆,477,唇部,9,CAREMiLLE,1,3,207.00,1,3,207.00,2020-06-14
858,24,金沙河面条 原味银丝挂面 龙须面 方便速食拉面 清汤面 900g,14,食品饮料、保健食品,82,粮油调味,803,米面杂粮,7,金沙河,1,2,22.00,1,2,22.00,2020-06-14
2915,16,华为 HUAWEI P40 麒麟990 5G SoC芯片 5000万超感知徕卡三摄 30倍数字变焦 8GB+128GB亮黑色全网通5G手机,2,手机,13,手机通讯,61,手机,3,华为,1,1,4488.00,1,1,4488.00,2020-06-14
939,16,华为 HUAWEI P40 麒麟990 5G SoC芯片 5000万超感知徕卡三摄 30倍数字变焦 8GB+128GB亮黑色全网通5G手机,2,手机,13,手机通讯,61,手机,3,华为,1,3,13464.00,1,3,13464.00,2020-06-14
9,27,索芙特i-Softto 口红不掉色唇膏保湿滋润 璀璨金钻哑光唇膏 Z02少女红 活力青春 璀璨金钻哑光唇膏 ,8,个护化妆,54,香水彩妆,477,唇部,8,索芙特,1,1,129.00,1,1,129.00,2020-06-14
126,9,Apple iPhone 12 (A2404) 64GB 红色 支持移动联通电信5G 双卡双待手机,2,手机,13,手机通讯,61,手机,2,苹果,1,1,8197.00,1,1,8197.00,2020-06-14
1830,33,香奈儿（Chanel）女士香水5号香水 粉邂逅柔情淡香水EDT 粉邂逅淡香水35ml,8,个护化妆,54,香水彩妆,473,香水,11,香奈儿,1,3,1464.00,1,3,1464.00,2020-06-14
1555,2,小米10 至尊纪念版 双模5G 骁龙865 120HZ高刷新率 120倍长焦镜头 120W快充 12GB+256GB 陶瓷黑 游戏手机,2,手机,13,手机通讯,61,手机,1,三星,1,3,20997.00,1,3,20997.00,2020-06-14
1736,30,CAREMiLLE珂曼奶油小方口红 雾面滋润保湿持久丝缎唇膏 M02干玫瑰,8,个护化妆,54,香水彩妆,477,唇部,9,CAREMiLLE,1,2,138.00,1,2,138.00,2020-06-14
1032,20,小米电视E65X 65英寸 全面屏 4K超高清HDR 蓝牙遥控内置小爱 2+8GB AI人工智能液晶网络平板电视 L65M5-EA,3,家用电器,16,大 家 电,86,平板电视,5,小米,1,1,2899.00,1,1,2899.00,2020-06-14
559,28,索芙特i-Softto 口红不掉色唇膏保湿滋润 璀璨金钻哑光唇膏 Z03女王红 性感冷艳 璀璨金钻哑光唇膏 ,8,个护化妆,54,香水彩妆,477,唇部,8,索芙特,1,2,258.00,1,2,258.00,2020-06-14
792,6,Redmi 10X 4G Helio G85游戏芯 4800万超清四摄 5020mAh大电量 小孔全面屏 128GB大存储 8GB+128GB 冰雾白 游戏智能手机 小米 红米,2,手机,13,手机通讯,61,手机,1,三星,1,3,3897.00,1,3,3897.00,2020-06-14
1457,25,金沙河面条 银丝挂面900g*3包 爽滑 细面条 龙须面 速食面,14,食品饮料、保健食品,82,粮油调味,803,米面杂粮,7,金沙河,1,2,46.00,1,2,46.00,2020-06-14
469,10,Apple iPhone 12 (A2404) 64GB 蓝色 支持移动联通电信5G 双卡双待手机,2,手机,13,手机通讯,61,手机,2,苹果,1,2,16394.00,1,2,16394.00,2020-06-14
437,25,金沙河面条 银丝挂面900g*3包 爽滑 细面条 龙须面 速食面,14,食品饮料、保健食品,82,粮油调味,803,米面杂粮,7,金沙河,1,3,69.00,1,3,69.00,2020-06-14
2499,20,小米电视E65X 65英寸 全面屏 4K超高清HDR 蓝牙遥控内置小爱 2+8GB AI人工智能液晶网络平板电视 L65M5-EA,3,家用电器,16,大 家 电,86,平板电视,5,小米,1,3,8697.00,1,3,8697.00,2020-06-14
341,9,Apple iPhone 12 (A2404) 64GB 红色 支持移动联通电信5G 双卡双待手机,2,手机,13,手机通讯,61,手机,2,苹果,1,3,24591.00,1,3,24591.00,2020-06-14
1011,14,华为 HUAWEI P40 麒麟990 5G SoC芯片 5000万超感知徕卡三摄 30倍数字变焦 6GB+128GB冰霜银全网通5G手机,2,手机,13,手机通讯,61,手机,3,华为,1,2,8376.00,1,2,8376.00,2020-06-14
985,11,Apple iPhone 12 (A2404) 64GB 白色 支持移动联通电信5G 双卡双待手机,2,手机,13,手机通讯,61,手机,2,苹果,1,3,24591.00,1,3,24591.00,2020-06-14
44,16,华为 HUAWEI P40 麒麟990 5G SoC芯片 5000万超感知徕卡三摄 30倍数字变焦 8GB+128GB亮黑色全网通5G手机,2,手机,13,手机通讯,61,手机,3,华为,1,2,8976.00,1,2,8976.00,2020-06-14
1738,21,小米电视4A 70英寸 4K超高清 HDR 二级能效 2GB+16GB L70M5-4A 内置小爱 智能网络液晶平板教育电视,3,家用电器,16,大 家 电,86,平板电视,5,小米,1,2,6598.00,1,2,6598.00,2020-06-14
198,16,华为 HUAWEI P40 麒麟990 5G SoC芯片 5000万超感知徕卡三摄 30倍数字变焦 8GB+128GB亮黑色全网通5G手机,2,手机,13,手机通讯,61,手机,3,华为,1,3,13464.00,1,3,13464.00,2020-06-14
501,29,CAREMiLLE珂曼奶油小方口红 雾面滋润保湿持久丝缎唇膏 M01醉蔷薇,8,个护化妆,54,香水彩妆,477,唇部,9,CAREMiLLE,1,7,483.00,1,7,483.00,2020-06-14
98,2,小米10 至尊纪念版 双模5G 骁龙865 120HZ高刷新率 120倍长焦镜头 120W快充 12GB+256GB 陶瓷黑 游戏手机,2,手机,13,手机通讯,61,手机,1,三星,1,1,6999.00,1,1,6999.00,2020-06-14
1468,21,小米电视4A 70英寸 4K超高清 HDR 二级能效 2GB+16GB L70M5-4A 内置小爱 智能网络液晶平板教育电视,3,家用电器,16,大 家 电,86,平板电视,5,小米,1,1,3299.00,1,1,3299.00,2020-06-14
597,1,小米10 至尊纪念版 双模5G 骁龙865 120HZ高刷新率 120倍长焦镜头 120W快充 8GB+128GB 陶瓷黑 游戏手机,2,手机,13,手机通讯,61,手机,1,三星,1,2,11998.00,1,2,11998.00,2020-06-14
1950,19,TCL 85Q6 85英寸 巨幕私人影院电视 4K超高清 AI智慧屏 全景全面屏 MEMC运动防抖 2+16GB 液晶平板电视机,3,家用电器,16,大 家 电,86,平板电视,4,TCL,1,1,11999.00,1,1,11999.00,2020-06-14
632,9,Apple iPhone 12 (A2404) 64GB 红色 支持移动联通电信5G 双卡双待手机,2,手机,13,手机通讯,61,手机,2,苹果,1,2,16394.00,1,2,16394.00,2020-06-14
180,1,小米10 至尊纪念版 双模5G 骁龙865 120HZ高刷新率 120倍长焦镜头 120W快充 8GB+128GB 陶瓷黑 游戏手机,2,手机,13,手机通讯,61,手机,1,三星,1,2,11998.00,1,2,11998.00,2020-06-14
662,7,Redmi 10X 4G Helio G85游戏芯 4800万超清四摄 5020mAh大电量 小孔全面屏 128GB大存储 8GB+128GB 明月灰 游戏智能手机 小米 红米,2,手机,13,手机通讯,61,手机,1,三星,1,2,2598.00,1,2,2598.00,2020-06-14
1292,28,索芙特i-Softto 口红不掉色唇膏保湿滋润 璀璨金钻哑光唇膏 Z03女王红 性感冷艳 璀璨金钻哑光唇膏 ,8,个护化妆,54,香水彩妆,477,唇部,8,索芙特,1,1,129.00,1,1,129.00,2020-06-14
2095,13,华为 HUAWEI P40 麒麟990 5G SoC芯片 5000万超感知徕卡三摄 30倍数字变焦 6GB+128GB亮黑色全网通5G手机,2,手机,13,手机通讯,61,手机,3,华为,1,3,12564.00,1,3,12564.00,2020-06-14
339,16,华为 HUAWEI P40 麒麟990 5G SoC芯片 5000万超感知徕卡三摄 30倍数字变焦 8GB+128GB亮黑色全网通5G手机,2,手机,13,手机通讯,61,手机,3,华为,1,3,13464.00,1,3,13464.00,2020-06-14
2132,10,Apple iPhone 12 (A2404) 64GB 蓝色 支持移动联通电信5G 双卡双待手机,2,手机,13,手机通讯,61,手机,2,苹果,1,3,24591.00,1,3,24591.00,2020-06-14
44,11,Apple iPhone 12 (A2404) 64GB 白色 支持移动联通电信5G 双卡双待手机,2,手机,13,手机通讯,61,手机,2,苹果,2,6,49182.00,2,6,49182.00,2020-06-14
324,5,Redmi 10X 4G Helio G85游戏芯 4800万超清四摄 5020mAh大电量 小孔全面屏 128GB大存储 4GB+128GB 明月灰 游戏智能手机 小米 红米,2,手机,13,手机通讯,61,手机,1,三星,1,2,1998.00,1,2,1998.00,2020-06-14
1596,32,香奈儿（Chanel）女士香水5号香水 粉邂逅柔情淡香水EDT 5号淡香水35ml,8,个护化妆,54,香水彩妆,473,香水,11,香奈儿,1,2,600.00,1,2,600.00,2020-06-14
1475,33,香奈儿（Chanel）女士香水5号香水 粉邂逅柔情淡香水EDT 粉邂逅淡香水35ml,8,个护化妆,54,香水彩妆,473,香水,11,香奈儿,1,3,1464.00,1,3,1464.00,2020-06-14
139,7,Redmi 10X 4G Helio G85游戏芯 4800万超清四摄 5020mAh大电量 小孔全面屏 128GB大存储 8GB+128GB 明月灰 游戏智能手机 小米 红米,2,手机,13,手机通讯,61,手机,1,三星,1,3,3897.00,1,3,3897.00,2020-06-14
407,33,香奈儿（Chanel）女士香水5号香水 粉邂逅柔情淡香水EDT 粉邂逅淡香水35ml,8,个护化妆,54,香水彩妆,473,香水,11,香奈儿,1,1,488.00,1,1,488.00,2020-06-14
750,21,小米电视4A 70英寸 4K超高清 HDR 二级能效 2GB+16GB L70M5-4A 内置小爱 智能网络液晶平板教育电视,3,家用电器,16,大 家 电,86,平板电视,5,小米,1,1,3299.00,1,1,3299.00,2020-06-14
762,32,香奈儿（Chanel）女士香水5号香水 粉邂逅柔情淡香水EDT 5号淡香水35ml,8,个护化妆,54,香水彩妆,473,香水,11,香奈儿,1,3,900.00,1,3,900.00,2020-06-14
794,5,Redmi 10X 4G Helio G85游戏芯 4800万超清四摄 5020mAh大电量 小孔全面屏 128GB大存储 4GB+128GB 明月灰 游戏智能手机 小米 红米,2,手机,13,手机通讯,61,手机,1,三星,1,3,2997.00,1,3,2997.00,2020-06-14
639,9,Apple iPhone 12 (A2404) 64GB 红色 支持移动联通电信5G 双卡双待手机,2,手机,13,手机通讯,61,手机,2,苹果,1,1,8197.00,1,1,8197.00,2020-06-14
2191,32,香奈儿（Chanel）女士香水5号香水 粉邂逅柔情淡香水EDT 5号淡香水35ml,8,个护化妆,54,香水彩妆,473,香水,11,香奈儿,1,1,300.00,1,1,300.00,2020-06-14
56,1,小米10 至尊纪念版 双模5G 骁龙865 120HZ高刷新率 120倍长焦镜头 120W快充 8GB+128GB 陶瓷黑 游戏手机,2,手机,13,手机通讯,61,手机,1,三星,1,1,5999.00,1,1,5999.00,2020-06-14
1316,26,索芙特i-Softto 口红不掉色唇膏保湿滋润 璀璨金钻哑光唇膏 Y01复古红 百搭气质 璀璨金钻哑光唇膏 ,8,个护化妆,54,香水彩妆,477,唇部,8,索芙特,1,2,258.00,1,2,258.00,2020-06-14
236,33,香奈儿（Chanel）女士香水5号香水 粉邂逅柔情淡香水EDT 粉邂逅淡香水35ml,8,个护化妆,54,香水彩妆,473,香水,11,香奈儿,1,2,976.00,1,2,976.00,2020-06-14
2028,14,华为 HUAWEI P40 麒麟990 5G SoC芯片 5000万超感知徕卡三摄 30倍数字变焦 6GB+128GB冰霜银全网通5G手机,2,手机,13,手机通讯,61,手机,3,华为,1,3,12564.00,1,3,12564.00,2020-06-14
53,21,小米电视4A 70英寸 4K超高清 HDR 二级能效 2GB+16GB L70M5-4A 内置小爱 智能网络液晶平板教育电视,3,家用电器,16,大 家 电,86,平板电视,5,小米,1,1,3299.00,1,1,3299.00,2020-06-14
756,31,CAREMiLLE珂曼奶油小方口红 雾面滋润保湿持久丝缎唇膏 M03赤茶,8,个护化妆,54,香水彩妆,477,唇部,9,CAREMiLLE,1,3,207.00,1,3,207.00,2020-06-14
149,4,Redmi 10X 4G Helio G85游戏芯 4800万超清四摄 5020mAh大电量 小孔全面屏 128GB大存储 4GB+128GB 冰雾白 游戏智能手机 小米 红米,2,手机,13,手机通讯,61,手机,1,三星,1,1,999.00,1,1,999.00,2020-06-14
568,4,Redmi 10X 4G Helio G85游戏芯 4800万超清四摄 5020mAh大电量 小孔全面屏 128GB大存储 4GB+128GB 冰雾白 游戏智能手机 小米 红米,2,手机,13,手机通讯,61,手机,1,三星,1,2,1998.00,1,2,1998.00,2020-06-14
841,8,Apple iPhone 12 (A2404) 64GB 黑色 支持移动联通电信5G 双卡双待手机,2,手机,13,手机通讯,61,手机,2,苹果,1,1,8197.00,1,1,8197.00,2020-06-14
451,33,香奈儿（Chanel）女士香水5号香水 粉邂逅柔情淡香水EDT 粉邂逅淡香水35ml,8,个护化妆,54,香水彩妆,473,香水,11,香奈儿,1,2,976.00,1,2,976.00,2020-06-14
535,9,Apple iPhone 12 (A2404) 64GB 红色 支持移动联通电信5G 双卡双待手机,2,手机,13,手机通讯,61,手机,2,苹果,1,3,24591.00,1,3,24591.00,2020-06-14
1090,14,华为 HUAWEI P40 麒麟990 5G SoC芯片 5000万超感知徕卡三摄 30倍数字变焦 6GB+128GB冰霜银全网通5G手机,2,手机,13,手机通讯,61,手机,3,华为,1,3,12564.00,1,3,12564.00,2020-06-14
1056,16,华为 HUAWEI P40 麒麟990 5G SoC芯片 5000万超感知徕卡三摄 30倍数字变焦 8GB+128GB亮黑色全网通5G手机,2,手机,13,手机通讯,61,手机,3,华为,1,2,8976.00,1,2,8976.00,2020-06-14
2239,15,华为 HUAWEI P40 麒麟990 5G SoC芯片 5000万超感知徕卡三摄 30倍数字变焦 8GB+128GB冰霜银全网通5G手机,2,手机,13,手机通讯,61,手机,3,华为,1,2,8976.00,1,2,8976.00,2020-06-14
1234,13,华为 HUAWEI P40 麒麟990 5G SoC芯片 5000万超感知徕卡三摄 30倍数字变焦 6GB+128GB亮黑色全网通5G手机,2,手机,13,手机通讯,61,手机,3,华为,1,1,4188.00,1,1,4188.00,2020-06-14
1629,12,Apple iPhone 12 (A2404) 128GB 黑色 支持移动联通电信5G 双卡双待手机,2,手机,13,手机通讯,61,手机,2,苹果,1,3,27591.00,1,3,27591.00,2020-06-14
1510,33,香奈儿（Chanel）女士香水5号香水 粉邂逅柔情淡香水EDT 粉邂逅淡香水35ml,8,个护化妆,54,香水彩妆,473,香水,11,香奈儿,1,1,488.00,1,1,488.00,2020-06-14
1971,12,Apple iPhone 12 (A2404) 128GB 黑色 支持移动联通电信5G 双卡双待手机,2,手机,13,手机通讯,61,手机,2,苹果,1,3,27591.00,1,3,27591.00,2020-06-14
476,6,Redmi 10X 4G Helio G85游戏芯 4800万超清四摄 5020mAh大电量 小孔全面屏 128GB大存储 8GB+128GB 冰雾白 游戏智能手机 小米 红米,2,手机,13,手机通讯,61,手机,1,三星,1,2,2598.00,1,2,2598.00,2020-06-14
311,18,TCL 75Q10 75英寸 QLED原色量子点电视 安桥音响 AI声控智慧屏 超薄全面屏 MEMC防抖 3+32GB 平板电视,3,家用电器,16,大 家 电,86,平板电视,4,TCL,1,1,9199.00,1,1,9199.00,2020-06-14
2184,16,华为 HUAWEI P40 麒麟990 5G SoC芯片 5000万超感知徕卡三摄 30倍数字变焦 8GB+128GB亮黑色全网通5G手机,2,手机,13,手机通讯,61,手机,3,华为,1,2,8976.00,1,2,8976.00,2020-06-14
1019,3,小米10 至尊纪念版 双模5G 骁龙865 120HZ高刷新率 120倍长焦镜头 120W快充 8GB+128GB 透明版 游戏手机,2,手机,13,手机通讯,61,手机,1,三星,1,1,5999.00,1,1,5999.00,2020-06-14
985,3,小米10 至尊纪念版 双模5G 骁龙865 120HZ高刷新率 120倍长焦镜头 120W快充 8GB+128GB 透明版 游戏手机,2,手机,13,手机通讯,61,手机,1,三星,1,4,23996.00,1,4,23996.00,2020-06-14
1116,22,十月稻田 长粒香大米 东北大米 东北香米 5kg,14,食品饮料、保健食品,82,粮油调味,803,米面杂粮,6,长粒香,1,1,39.00,1,1,39.00,2020-06-14
22,13,华为 HUAWEI P40 麒麟990 5G SoC芯片 5000万超感知徕卡三摄 30倍数字变焦 6GB+128GB亮黑色全网通5G手机,2,手机,13,手机通讯,61,手机,3,华为,2,6,25128.00,2,6,25128.00,2020-06-14
2220,3,小米10 至尊纪念版 双模5G 骁龙865 120HZ高刷新率 120倍长焦镜头 120W快充 8GB+128GB 透明版 游戏手机,2,手机,13,手机通讯,61,手机,1,三星,1,2,11998.00,1,2,11998.00,2020-06-14
56,10,Apple iPhone 12 (A2404) 64GB 蓝色 支持移动联通电信5G 双卡双待手机,2,手机,13,手机通讯,61,手机,2,苹果,1,3,24591.00,1,3,24591.00,2020-06-14
330,31,CAREMiLLE珂曼奶油小方口红 雾面滋润保湿持久丝缎唇膏 M03赤茶,8,个护化妆,54,香水彩妆,477,唇部,9,CAREMiLLE,1,2,138.00,1,2,138.00,2020-06-14
511,6,Redmi 10X 4G Helio G85游戏芯 4800万超清四摄 5020mAh大电量 小孔全面屏 128GB大存储 8GB+128GB 冰雾白 游戏智能手机 小米 红米,2,手机,13,手机通讯,61,手机,1,三星,1,3,3897.00,1,3,3897.00,2020-06-14
759,34,华为智慧屏V55i-J 55英寸 HEGE-550B 4K全面屏智能电视机 多方视频通话 AI升降摄像头 银钻灰 京品家电,3,家用电器,16,大 家 电,86,平板电视,3,华为,2,4,15708.00,2,4,15708.00,2020-06-14
64,8,Apple iPhone 12 (A2404) 64GB 黑色 支持移动联通电信5G 双卡双待手机,2,手机,13,手机通讯,61,手机,2,苹果,1,7,57379.00,1,7,57379.00,2020-06-14
2107,4,Redmi 10X 4G Helio G85游戏芯 4800万超清四摄 5020mAh大电量 小孔全面屏 128GB大存储 4GB+128GB 冰雾白 游戏智能手机 小米 红米,2,手机,13,手机通讯,61,手机,1,三星,1,2,1998.00,1,2,1998.00,2020-06-14
1153,26,索芙特i-Softto 口红不掉色唇膏保湿滋润 璀璨金钻哑光唇膏 Y01复古红 百搭气质 璀璨金钻哑光唇膏 ,8,个护化妆,54,香水彩妆,477,唇部,8,索芙特,1,2,258.00,1,2,258.00,2020-06-14
14,33,香奈儿（Chanel）女士香水5号香水 粉邂逅柔情淡香水EDT 粉邂逅淡香水35ml,8,个护化妆,54,香水彩妆,473,香水,11,香奈儿,1,2,976.00,1,2,976.00,2020-06-14
1422,5,Redmi 10X 4G Helio G85游戏芯 4800万超清四摄 5020mAh大电量 小孔全面屏 128GB大存储 4GB+128GB 明月灰 游戏智能手机 小米 红米,2,手机,13,手机通讯,61,手机,1,三星,1,2,1998.00,1,2,1998.00,2020-06-14
598,16,华为 HUAWEI P40 麒麟990 5G SoC芯片 5000万超感知徕卡三摄 30倍数字变焦 8GB+128GB亮黑色全网通5G手机,2,手机,13,手机通讯,61,手机,3,华为,1,2,8976.00,1,2,8976.00,2020-06-14
299,28,索芙特i-Softto 口红不掉色唇膏保湿滋润 璀璨金钻哑光唇膏 Z03女王红 性感冷艳 璀璨金钻哑光唇膏 ,8,个护化妆,54,香水彩妆,477,唇部,8,索芙特,1,2,258.00,1,2,258.00,2020-06-14
383,24,金沙河面条 原味银丝挂面 龙须面 方便速食拉面 清汤面 900g,14,食品饮料、保健食品,82,粮油调味,803,米面杂粮,7,金沙河,1,2,22.00,1,2,22.00,2020-06-14
502,1,小米10 至尊纪念版 双模5G 骁龙865 120HZ高刷新率 120倍长焦镜头 120W快充 8GB+128GB 陶瓷黑 游戏手机,2,手机,13,手机通讯,61,手机,1,三星,1,2,11998.00,1,2,11998.00,2020-06-14
10,30,CAREMiLLE珂曼奶油小方口红 雾面滋润保湿持久丝缎唇膏 M02干玫瑰,8,个护化妆,54,香水彩妆,477,唇部,9,CAREMiLLE,1,3,207.00,1,3,207.00,2020-06-14
2288,23,十月稻田 辽河长粒香 东北大米 5kg,14,食品饮料、保健食品,82,粮油调味,803,米面杂粮,6,长粒香,1,3,120.00,1,3,120.00,2020-06-14
351,31,CAREMiLLE珂曼奶油小方口红 雾面滋润保湿持久丝缎唇膏 M03赤茶,8,个护化妆,54,香水彩妆,477,唇部,9,CAREMiLLE,1,1,69.00,1,1,69.00,2020-06-14
148,25,金沙河面条 银丝挂面900g*3包 爽滑 细面条 龙须面 速食面,14,食品饮料、保健食品,82,粮油调味,803,米面杂粮,7,金沙河,1,3,69.00,1,3,69.00,2020-06-14
867,26,索芙特i-Softto 口红不掉色唇膏保湿滋润 璀璨金钻哑光唇膏 Y01复古红 百搭气质 璀璨金钻哑光唇膏 ,8,个护化妆,54,香水彩妆,477,唇部,8,索芙特,1,1,129.00,1,1,129.00,2020-06-14
183,2,小米10 至尊纪念版 双模5G 骁龙865 120HZ高刷新率 120倍长焦镜头 120W快充 12GB+256GB 陶瓷黑 游戏手机,2,手机,13,手机通讯,61,手机,1,三星,1,1,6999.00,1,1,6999.00,2020-06-14
274,6,Redmi 10X 4G Helio G85游戏芯 4800万超清四摄 5020mAh大电量 小孔全面屏 128GB大存储 8GB+128GB 冰雾白 游戏智能手机 小米 红米,2,手机,13,手机通讯,61,手机,1,三星,1,3,3897.00,1,3,3897.00,2020-06-14
847,20,小米电视E65X 65英寸 全面屏 4K超高清HDR 蓝牙遥控内置小爱 2+8GB AI人工智能液晶网络平板电视 L65M5-EA,3,家用电器,16,大 家 电,86,平板电视,5,小米,1,1,2899.00,1,1,2899.00,2020-06-14
774,34,华为智慧屏V55i-J 55英寸 HEGE-550B 4K全面屏智能电视机 多方视频通话 AI升降摄像头 银钻灰 京品家电,3,家用电器,16,大 家 电,86,平板电视,3,华为,1,1,3927.00,1,1,3927.00,2020-06-14
111,20,小米电视E65X 65英寸 全面屏 4K超高清HDR 蓝牙遥控内置小爱 2+8GB AI人工智能液晶网络平板电视 L65M5-EA,3,家用电器,16,大 家 电,86,平板电视,5,小米,1,3,8697.00,1,3,8697.00,2020-06-14
1807,17,TCL 65Q10 65英寸 QLED原色量子点电视 安桥音响 AI声控智慧屏 超薄全面屏 MEMC防抖 3+32GB 平板电视,3,家用电器,16,大 家 电,86,平板电视,4,TCL,1,3,20097.00,1,3,20097.00,2020-06-14
848,26,索芙特i-Softto 口红不掉色唇膏保湿滋润 璀璨金钻哑光唇膏 Y01复古红 百搭气质 璀璨金钻哑光唇膏 ,8,个护化妆,54,香水彩妆,477,唇部,8,索芙特,1,2,258.00,1,2,258.00,2020-06-14
948,27,索芙特i-Softto 口红不掉色唇膏保湿滋润 璀璨金钻哑光唇膏 Z02少女红 活力青春 璀璨金钻哑光唇膏 ,8,个护化妆,54,香水彩妆,477,唇部,8,索芙特,1,3,387.00,1,3,387.00,2020-06-14
1810,26,索芙特i-Softto 口红不掉色唇膏保湿滋润 璀璨金钻哑光唇膏 Y01复古红 百搭气质 璀璨金钻哑光唇膏 ,8,个护化妆,54,香水彩妆,477,唇部,8,索芙特,1,1,129.00,1,1,129.00,2020-06-14
438,6,Redmi 10X 4G Helio G85游戏芯 4800万超清四摄 5020mAh大电量 小孔全面屏 128GB大存储 8GB+128GB 冰雾白 游戏智能手机 小米 红米,2,手机,13,手机通讯,61,手机,1,三星,1,3,3897.00,1,3,3897.00,2020-06-14
2105,10,Apple iPhone 12 (A2404) 64GB 蓝色 支持移动联通电信5G 双卡双待手机,2,手机,13,手机通讯,61,手机,2,苹果,1,3,24591.00,1,3,24591.00,2020-06-14
23,29,CAREMiLLE珂曼奶油小方口红 雾面滋润保湿持久丝缎唇膏 M01醉蔷薇,8,个护化妆,54,香水彩妆,477,唇部,9,CAREMiLLE,1,3,207.00,1,3,207.00,2020-06-14
739,26,索芙特i-Softto 口红不掉色唇膏保湿滋润 璀璨金钻哑光唇膏 Y01复古红 百搭气质 璀璨金钻哑光唇膏 ,8,个护化妆,54,香水彩妆,477,唇部,8,索芙特,1,3,387.00,1,3,387.00,2020-06-14
92,10,Apple iPhone 12 (A2404) 64GB 蓝色 支持移动联通电信5G 双卡双待手机,2,手机,13,手机通讯,61,手机,2,苹果,1,1,8197.00,1,1,8197.00,2020-06-14
1947,34,华为智慧屏V55i-J 55英寸 HEGE-550B 4K全面屏智能电视机 多方视频通话 AI升降摄像头 银钻灰 京品家电,3,家用电器,16,大 家 电,86,平板电视,3,华为,1,3,11781.00,1,3,11781.00,2020-06-14
